# #pres-data,#real-data
35.67,42.96
35.47,42.96
35.38,41.65
35.35,41.65
35.42,39.05
35.50,40.35
35.57,41.65
35.67,40.35
35.71,40.35
35.73,42.96
35.69,40.35
35.59,40.35
35.53,41.65
35.47,44.26
35.32,42.96
35.20,39.05
35.21,39.05
35.27,39.05
35.31,41.65
35.30,41.65
35.25,41.65
35.22,42.96
35.19,40.35
35.09,46.86
35.05,46.86
35.01,46.86
34.99,46.86
34.98,46.86
35.06,50.77
35.27,46.86
35.46,48.16
35.74,46.86
36.21,46.86
36.91,46.86
37.81,50.77
38.48,49.46
38.94,50.77
39.23,48.16
39.42,52.07
39.56,50.77
39.67,50.77
39.69,48.16
39.70,49.46
39.72,46.86
39.72,49.46
39.73,49.46
39.72,48.16
39.72,45.56
39.71,48.16
39.71,48.16
39.70,53.37
39.69,53.37
39.69,49.46
39.70,46.86
39.71,45.56
39.71,48.16
39.71,50.77
39.71,49.46
39.70,48.16
39.69,46.86
39.69,50.77
39.69,50.77
39.68,49.46
39.68,52.07
39.68,49.46
39.70,49.46
39.72,49.46
39.72,49.46
39.73,49.46
39.73,48.16
39.73,49.46
39.72,49.46
39.71,49.46
39.70,49.46
39.69,49.46
39.66,52.07
39.66,50.77
39.68,52.07
39.70,53.37
39.69,53.37
39.68,53.37
39.68,52.07
39.65,55.97
39.64,53.37
39.61,57.27
39.61,58.58
39.59,61.18
39.60,63.78
39.62,58.58
39.64,58.58
39.66,59.88
39.67,59.88
39.68,50.77
39.68,50.77
39.67,52.07
39.66,52.07
39.66,52.07
39.64,52.07
39.62,45.56
39.60,46.86
39.58,46.86
39.60,46.86
39.61,42.96
39.61,46.86
39.61,46.86
39.61,45.56
39.61,45.56
39.61,46.86
39.60,48.16
39.58,49.46
39.58,46.86
39.57,48.16
39.58,48.16
39.61,48.16
39.64,46.86
39.65,46.86
39.66,45.56
39.66,46.86
39.66,45.56
39.66,46.86
39.66,46.86
39.65,48.16
39.65,49.46
39.64,49.46
39.64,52.07
39.66,46.86
39.67,49.46
39.68,50.77
39.68,49.46
39.68,49.46
39.68,50.77
39.67,53.37
39.67,50.77
39.65,50.77
39.63,53.37
39.61,53.37
39.59,48.16
39.61,48.16
39.62,48.16
39.63,52.07
39.63,46.86
39.63,48.16
39.62,45.56
39.60,46.86
39.58,44.26
39.56,44.26
39.53,45.56
39.52,45.56
39.52,45.56
39.55,42.96
39.57,44.26
39.59,45.56
39.61,48.16
39.62,46.86
39.62,44.26
39.62,45.56
39.61,45.56
39.59,41.65
39.57,41.65
39.55,39.05
39.54,42.96
39.56,42.96
39.57,42.96
39.58,45.56
39.59,41.65
39.58,42.96
39.58,44.26
39.57,42.96
39.55,48.16
39.54,46.86
39.52,44.26
39.52,45.56
39.51,45.56
39.55,46.86
39.57,44.26
39.58,41.65
39.59,41.65
39.58,40.35
39.58,40.35
39.55,42.96
39.53,39.05
39.49,39.05
39.44,40.35
39.40,42.96
39.36,42.96
39.36,40.35
39.38,41.65
39.39,44.26
39.40,45.56
39.39,45.56
39.38,44.26
39.38,46.86
39.37,46.86
39.35,45.56
39.33,45.56
39.33,46.86
39.34,50.77
39.38,49.46
39.41,46.86
39.42,46.86
39.44,49.46
39.44,48.16
39.44,48.16
39.43,52.07
39.43,50.77
39.40,53.37
39.37,52.07
39.35,48.16
39.35,46.86
39.40,46.86
39.44,49.46
39.46,44.26
39.46,44.26
39.46,52.07
39.46,53.37
39.45,53.37
39.44,49.46
39.42,55.97
39.41,50.77
39.39,52.07
39.37,57.27
39.41,57.27
39.43,53.37
39.44,52.07
39.45,49.46
39.45,53.37
39.43,53.37
39.41,53.37
39.36,50.77
39.31,50.77
39.25,48.16
39.19,50.77
39.14,44.26
39.14,44.26
39.21,44.26
39.26,42.96
39.25,45.56
39.21,41.65
39.16,42.96
39.10,44.26
39.01,42.96
38.98,41.65
38.86,42.96
38.76,42.96
38.67,46.86
38.70,46.86
38.67,44.26
38.73,45.56
38.77,41.65
38.80,41.65
38.74,44.26
38.67,40.35
38.69,39.05
38.61,40.35
38.47,39.05
38.45,39.05
38.48,37.75
38.63,39.05
38.65,39.05
38.53,37.75
38.46,39.05
38.35,44.26
38.20,44.26
38.02,41.65
37.74,41.65
37.37,42.96
36.94,42.96
36.77,42.96
36.67,39.05
36.81,39.05
37.04,39.05
37.25,36.45
37.41,41.65
37.56,40.35
37.63,39.05
37.66,39.05
37.53,39.05
37.09,41.65
36.87,42.96
36.83,41.65
36.92,42.96
36.89,39.05
36.83,41.65
36.78,41.65
36.78,42.96
36.74,40.35
36.65,40.35
36.63,40.35
36.44,40.35
36.15,40.35
35.92,40.35
35.94,40.35
36.08,41.65
36.28,40.35
36.49,42.96
36.46,42.96
36.47,45.56
36.48,44.26
36.31,42.96
36.12,40.35
35.97,42.96
35.78,42.96
35.62,40.35
35.54,42.96
35.52,41.65
35.69,39.05
35.80,37.75
35.82,37.75
35.84,39.05
35.85,39.05
35.72,39.05
35.64,39.05
35.54,39.05
35.45,44.26
35.30,41.65
35.23,41.65
35.32,41.65
35.55,48.16
35.87,46.86
36.22,44.26
36.74,44.26
37.47,42.96
38.20,42.96
38.84,44.26
39.16,40.35
39.39,42.96
39.56,42.96
39.69,41.65
39.79,40.35
39.80,40.35
39.81,41.65
39.82,40.35
39.82,40.35
39.83,39.05
39.83,41.65
39.82,44.26
39.81,45.56
39.80,45.56
39.79,45.56
39.78,42.96
39.78,45.56
39.79,44.26
39.80,48.16
39.80,49.46
39.81,46.86
39.81,45.56
39.80,46.86
39.80,46.86
39.80,44.26
39.79,45.56
39.78,45.56
39.77,44.26
39.76,48.16
39.77,48.16
39.79,48.16
39.80,44.26
39.80,44.26
39.80,44.26
39.80,42.96
39.79,42.96
39.79,40.35
39.78,44.26
39.77,42.96
39.76,45.56
39.75,44.26
39.77,48.16
39.78,46.86
39.79,44.26
39.79,45.56
39.80,49.46
39.80,49.46
39.79,46.86
39.79,46.86
39.79,45.56
39.78,49.46
39.79,48.16
39.79,48.16
39.81,45.56
39.83,49.46
39.85,48.16
39.85,50.77
39.86,50.77
39.86,49.46
39.85,50.77
39.85,52.07
39.84,49.46
39.83,50.77
39.81,50.77
39.79,46.86
39.79,48.16
39.79,48.16
39.78,48.16
39.76,49.46
39.76,49.46
39.75,48.16
39.73,48.16
39.71,46.86
39.69,46.86
39.66,44.26
39.65,42.96
39.64,42.96
39.67,39.05
39.68,39.05
39.70,40.35
39.70,40.35
39.70,46.86
39.70,46.86
39.69,41.65
39.69,46.86
39.67,48.16
39.65,45.56
39.64,45.56
39.63,46.86
39.65,45.56
39.67,44.26
39.68,45.56
39.68,45.56
39.69,45.56
39.69,45.56
39.69,45.56
39.68,45.56
39.67,44.26
39.66,40.35
39.66,42.96
39.65,41.65
39.67,40.35
39.69,40.35
39.71,40.35
39.71,39.05
39.71,40.35
39.71,41.65
39.70,44.26
39.68,28.64
39.66,39.05
39.64,39.05
39.61,26.03
39.58,24.73
39.60,28.64
39.61,31.24
39.61,33.84
39.60,33.84
39.59,36.45
39.57,31.24
39.56,31.24
39.53,36.45
39.52,40.35
39.50,40.35
39.48,44.26
39.47,42.96
39.49,44.26
39.52,44.26
39.53,44.26
39.53,48.16
39.51,46.86
39.49,46.86
39.47,46.86
39.43,45.56
39.38,48.16
39.37,46.86
39.35,42.96
39.38,42.96
39.42,40.35
39.45,40.35
39.48,44.26
39.47,40.35
39.48,44.26
39.48,44.26
39.46,45.56
39.45,42.96
39.40,44.26
39.35,40.35
39.32,40.35
39.30,42.96
39.32,42.96
39.31,45.56
39.31,46.86
39.31,48.16
39.30,46.86
39.29,49.46
39.27,49.46
39.22,49.46
39.21,45.56
39.21,48.16
39.21,46.86
39.22,45.56
39.28,45.56
39.35,44.26
39.39,42.96
39.41,42.96
39.41,40.35
39.41,44.26
39.41,44.26
39.39,46.86
39.36,46.86
39.35,46.86
39.35,46.86
39.36,46.86
39.39,44.26
39.41,44.26
39.44,44.26
39.46,49.46
39.46,50.77
39.45,46.86
39.45,42.96
39.41,42.96
39.37,45.56
39.30,46.86
39.24,45.56
39.24,48.16
39.31,46.86
39.37,45.56
39.39,46.86
39.45,46.86
39.50,50.77
39.49,46.86
39.47,46.86
39.45,48.16
39.45,46.86
39.39,48.16
39.38,46.86
39.38,42.96
39.39,42.96
39.37,45.56
39.37,46.86
39.37,48.16
39.36,49.46
39.32,44.26
39.25,46.86
39.14,40.35
39.04,41.65
38.88,39.05
38.75,39.05
38.58,39.05
38.69,37.75
38.76,35.15
38.80,36.45
38.84,35.15
38.79,37.75
38.79,37.75
38.73,37.75
38.59,36.45
38.48,37.75
38.43,41.65
38.37,37.75
38.38,39.05
38.41,35.15
38.35,36.45
38.33,37.75
38.18,37.75
38.12,36.45
38.02,32.54
37.64,33.84
37.37,32.54
37.16,33.84
36.91,35.15
36.86,33.84
36.95,33.84
37.26,37.75
37.48,37.75
37.67,39.05
37.92,40.35
38.06,40.35
37.85,40.35
37.55,40.35
37.30,40.35
37.01,44.26
36.68,44.26
36.43,42.96
36.28,44.26
36.48,42.96
36.65,40.35
36.79,41.65
37.04,42.96
36.90,41.65
36.81,41.65
36.75,41.65
36.67,41.65
36.57,41.65
36.36,41.65
36.20,41.65
36.19,41.65
36.26,44.26
36.45,44.26
36.51,44.26
36.52,44.26
36.33,46.86
36.26,44.26
36.18,48.16
36.08,45.56
35.97,45.56
35.87,41.65
35.85,41.65
35.92,45.56
36.10,44.26
36.29,44.26
36.38,42.96
36.40,44.26
36.20,41.65
36.02,41.65
35.80,45.56
35.71,40.35
35.50,41.65
35.33,41.65
35.30,41.65
35.26,50.77
35.33,50.77
35.49,49.46
35.76,49.46
36.17,46.86
36.77,53.37
37.56,53.37
38.40,53.37
39.01,46.86
39.38,46.86
39.57,49.46
39.71,48.16
39.81,45.56
39.83,45.56
39.83,46.86
39.83,46.86
39.82,46.86
39.82,49.46
39.81,49.46
39.81,49.46
39.79,54.67
39.79,52.07
39.77,50.77
39.76,50.77
39.76,50.77
39.78,50.77
39.80,52.07
39.81,48.16
39.82,50.77
39.83,48.16
39.83,50.77
39.84,50.77
39.83,48.16
39.82,48.16
39.81,49.46
39.81,48.16
39.81,44.26
39.82,44.26
39.84,41.65
39.84,44.26
39.84,48.16
39.84,46.86
39.83,48.16
39.82,48.16
39.81,46.86
39.80,49.46
39.79,48.16
39.78,46.86
39.78,48.16
39.78,48.16
39.79,48.16
39.79,49.46
39.79,50.77
39.79,50.77
39.79,50.77
39.79,50.77
39.78,50.77
39.78,49.46
39.78,52.07
39.78,48.16
39.77,48.16
39.80,48.16
39.81,49.46
39.81,44.26
39.83,46.86
39.83,41.65
39.83,42.96
39.82,46.86
39.81,42.96
39.81,42.96
39.80,44.26
39.79,46.86
39.79,46.86
39.81,46.86
39.82,48.16
39.83,48.16
39.84,50.77
39.84,48.16
39.83,48.16
39.83,48.16
39.82,46.86
39.80,45.56
39.78,44.26
39.77,44.26
39.75,50.77
39.77,50.77
39.78,50.77
39.78,48.16
39.77,46.86
39.76,48.16
39.75,50.77
39.73,45.56
39.70,44.26
39.68,46.86
39.66,46.86
39.64,48.16
39.63,45.56
39.65,45.56
39.68,45.56
39.71,45.56
39.72,44.26
39.74,42.96
39.73,44.26
39.72,44.26
39.72,49.46
39.70,50.77
39.67,49.46
39.66,45.56
39.65,46.86
39.67,46.86
39.68,48.16
39.69,48.16
39.69,45.56
39.67,44.26
39.66,49.46
39.64,46.86
39.61,44.26
39.57,45.56
39.53,45.56
39.51,45.56
39.49,45.56
39.50,44.26
39.50,42.96
39.50,41.65
39.48,41.65
39.46,42.96
39.42,42.96
39.35,45.56
39.20,41.65
39.21,44.26
39.07,45.56
38.88,44.26
39.01,44.26
39.19,42.96
39.30,42.96
39.37,42.96
39.39,44.26
39.42,45.56
39.41,48.16
39.46,45.56
39.50,46.86
39.52,45.56
39.52,45.56
39.53,45.56
39.53,46.86
39.57,48.16
39.60,42.96
39.61,41.65
39.62,41.65
39.61,41.65
39.59,41.65
39.57,41.65
39.54,44.26
39.51,44.26
39.45,42.96
39.39,45.56
39.38,45.56
39.42,45.56
39.46,45.56
39.49,42.96
39.49,45.56
39.51,44.26
39.50,45.56
39.49,45.56
39.45,48.16
39.43,45.56
39.39,45.56
39.40,45.56
39.43,48.16
39.49,45.56
39.54,45.56
39.57,42.96
39.57,45.56
39.57,45.56
39.56,41.65
39.53,44.26
39.48,45.56
39.42,44.26
39.39,49.46
39.34,45.56
39.30,48.16
39.33,48.16
39.35,46.86
39.37,46.86
39.38,50.77
39.39,48.16
39.42,48.16
39.42,49.46
39.40,48.16
39.36,45.56
39.32,48.16
39.28,48.16
39.27,48.16
39.31,48.16
39.36,45.56
39.40,49.46
39.43,48.16
39.40,46.86
39.34,45.56
39.29,45.56
39.28,46.86
39.28,46.86
39.26,45.56
39.22,42.96
39.24,39.05
39.27,40.35
39.31,40.35
39.35,40.35
39.36,45.56
39.36,46.86
39.32,45.56
39.28,45.56
39.24,41.65
39.15,40.35
39.07,44.26
38.97,44.26
38.90,42.96
39.03,39.05
39.12,33.84
39.14,35.15
39.11,37.75
39.02,37.75
38.83,37.75
38.66,36.45
38.21,39.05
37.91,39.05
37.43,39.05
37.25,40.35
37.20,44.26
37.32,40.35
37.39,39.05
37.60,39.05
37.66,40.35
37.78,40.35
37.67,42.96
37.48,40.35
37.22,40.35
37.04,39.05
36.87,39.05
36.48,40.35
36.41,40.35
36.41,40.35
36.52,37.75
36.55,40.35
36.43,39.05
36.23,39.05
36.06,39.05
36.02,35.15
35.98,36.45
35.97,37.75
35.99,36.45
36.03,36.45
36.26,35.15
36.72,36.45
37.00,36.45
37.26,36.45
37.46,36.45
37.54,35.15
37.51,37.75
37.45,36.45
37.35,36.45
37.27,33.84
36.90,39.05
36.63,36.45
36.57,37.75
36.64,37.75
36.70,42.96
36.88,44.26
36.98,42.96
36.91,41.65
36.78,41.65
36.66,42.96
36.53,44.26
36.40,42.96
36.31,39.05
36.30,39.05
36.43,44.26
36.76,44.26
36.99,44.26
37.12,42.96
37.19,44.26
37.24,45.56
36.98,44.26
36.87,45.56
36.40,45.56
36.09,44.26
35.82,44.26
35.82,45.56
35.92,46.86
36.04,46.86
36.22,46.86
36.49,42.96
36.97,45.56
37.50,46.86
38.27,45.56
38.87,45.56
39.23,45.56
39.54,45.56
39.73,52.07
39.85,50.77
39.94,46.86
39.94,46.86
39.95,46.86
39.95,48.16
39.95,46.86
39.96,48.16
39.95,45.56
39.94,42.96
39.93,45.56
39.93,45.56
39.92,45.56
39.91,48.16
39.91,45.56
39.92,45.56
39.94,46.86
39.95,44.26
39.95,41.65
39.96,41.65
39.96,41.65
39.96,44.26
39.95,48.16
39.94,52.07
39.93,50.77
39.92,46.86
39.92,54.67
39.92,54.67
39.93,50.77
39.93,50.77
39.93,52.07
39.92,49.46
39.92,48.16
39.91,46.86
39.90,49.46
39.89,49.46
39.88,44.26
39.87,44.26
39.86,50.77
39.87,49.46
39.89,50.77
39.90,50.77
39.91,53.37
39.91,52.07
39.91,50.77
39.91,52.07
39.90,49.46
39.90,50.77
39.89,52.07
39.88,49.46
39.88,52.07
39.90,50.77
39.91,46.86
39.92,48.16
39.92,49.46
39.92,53.37
39.91,50.77
39.90,50.77
39.89,49.46
39.87,50.77
39.85,48.16
39.83,46.86
39.82,48.16
39.83,46.86
39.84,53.37
39.84,52.07
39.84,49.46
39.84,52.07
39.85,50.77
39.85,52.07
39.84,48.16
39.83,48.16
39.83,45.56
39.83,48.16
39.83,48.16
39.84,48.16
39.86,46.86
39.87,45.56
39.87,46.86
39.86,45.56
39.86,45.56
39.85,48.16
39.84,44.26
39.82,49.46
39.81,45.56
39.81,48.16
39.82,45.56
39.83,45.56
39.83,46.86
39.83,46.86
39.84,46.86
39.83,46.86
39.83,45.56
39.81,49.46
39.79,48.16
39.79,45.56
39.77,45.56
39.76,46.86
39.74,42.96
39.76,45.56
39.78,45.56
39.79,41.65
39.80,40.35
39.80,39.05
39.81,41.65
39.81,40.35
39.80,44.26
39.79,44.26
39.76,44.26
39.74,42.96
39.74,42.96
39.75,42.96
39.77,42.96
39.77,40.35
39.77,40.35
39.76,40.35
39.76,39.05
39.73,40.35
39.71,39.05
39.70,39.05
39.67,41.65
39.65,41.65
39.63,41.65
39.65,41.65
39.66,48.16
39.67,45.56
39.69,42.96
39.69,46.86
39.69,44.26
39.68,42.96
39.66,41.65
39.65,41.65
39.64,37.75
39.62,42.96
39.61,39.05
39.64,39.05
39.67,40.35
39.69,41.65
39.70,40.35
39.71,37.75
39.70,39.05
39.68,40.35
39.65,39.05
39.62,39.05
39.59,42.96
39.57,44.26
39.55,45.56
39.57,48.16
39.56,42.96
39.57,42.96
39.57,45.56
39.58,46.86
39.59,44.26
39.59,44.26
39.59,41.65
39.57,41.65
39.55,41.65
39.55,41.65
39.54,42.96
39.57,40.35
39.58,40.35
39.59,42.96
39.61,41.65
39.61,41.65
39.61,44.26
39.60,44.26
39.57,41.65
39.53,39.05
39.50,42.96
39.48,41.65
39.47,41.65
39.49,41.65
39.51,41.65
39.52,52.07
39.55,50.77
39.54,50.77
39.53,48.16
39.55,48.16
39.54,46.86
39.51,45.56
39.51,48.16
39.47,46.86
39.49,45.56
39.52,45.56
39.55,46.86
39.57,45.56
39.59,42.96
39.57,44.26
39.56,46.86
39.54,45.56
39.49,46.86
39.45,48.16
39.43,41.65
39.39,37.75
39.37,41.65
39.40,44.26
39.42,42.96
39.44,42.96
39.42,44.26
39.39,45.56
39.35,42.96
39.31,46.86
39.25,46.86
39.14,46.86
38.96,45.56
38.77,44.26
38.71,42.96
38.90,42.96
39.03,40.35
39.13,39.05
39.21,40.35
39.19,40.35
39.08,40.35
38.96,42.96
38.74,36.45
38.56,37.75
38.41,36.45
38.05,37.75
37.69,41.65
37.47,40.35
37.50,42.96
37.84,39.05
38.06,48.16
38.14,48.16
38.10,48.16
38.06,48.16
38.07,41.65
37.94,39.05
37.79,45.56
37.77,36.45
37.77,36.45
37.76,37.75
37.87,36.45
38.03,37.75
38.14,40.35
38.12,40.35
38.04,37.75
37.72,41.65
37.44,41.65
37.11,45.56
36.88,41.65
36.74,37.75
36.65,37.75
36.72,41.65
36.76,40.35
36.89,40.35
36.76,40.35
36.63,39.05
36.35,36.45
36.03,36.45
35.97,35.15
35.82,36.45
35.66,37.75
35.62,37.75
35.64,42.96
35.75,44.26
35.82,42.96
35.88,39.05
35.89,36.45
35.90,37.75
35.93,37.75
35.81,36.45
35.77,39.05
35.72,40.35
35.83,37.75
35.79,39.05
35.97,42.96
36.28,42.96
36.65,40.35
36.76,40.35
36.67,49.46
36.61,52.07
36.58,50.77
36.50,49.46
36.33,49.46
36.04,42.96
35.87,42.96
35.95,42.96
36.16,48.16
36.41,48.16
36.71,46.86
37.11,40.35
37.77,39.05
38.33,41.65
38.80,41.65
39.18,41.65
39.44,40.35
39.63,41.65
39.78,40.35
39.89,39.05
39.96,39.05
39.97,40.35
39.98,40.35
39.98,37.75
39.99,41.65
39.99,39.05
39.99,41.65
39.99,44.26
39.99,40.35
39.98,44.26
39.98,44.26
39.96,44.26
39.95,41.65
39.96,39.05
39.97,39.05
39.98,37.75
39.98,41.65
39.97,40.35
39.97,40.35
39.96,40.35
39.96,40.35
39.95,40.35
39.94,37.75
39.94,39.05
39.93,39.05
39.94,40.35
39.95,40.35
39.96,39.05
39.97,42.96
39.98,42.96
39.98,44.26
39.99,45.56
39.99,44.26
39.99,41.65
39.98,42.96
39.97,42.96
39.97,42.96
39.97,41.65
39.97,39.05
39.98,40.35
39.98,40.35
39.98,41.65
39.97,41.65
39.97,41.65
39.97,42.96
39.96,40.35
39.95,40.35
39.95,41.65
39.96,42.96
39.97,42.96
39.98,42.96
39.98,40.35
39.99,37.75
39.98,37.75
39.98,40.35
39.98,42.96
39.97,40.35
39.96,40.35
39.95,39.05
39.94,36.45
39.94,36.45
39.94,32.54
39.95,32.54
39.96,33.84
39.96,33.84
39.96,32.54
39.96,32.54
39.95,33.84
39.94,36.45
39.94,36.45
39.92,35.15
39.91,35.15
39.91,33.84
39.93,33.84
39.94,33.84
39.94,36.45
39.94,35.15
39.94,35.15
39.93,35.15
39.92,29.94
39.90,33.84
39.89,35.15
39.88,37.75
39.87,37.75
39.86,35.15
39.88,33.84
39.88,33.84
39.89,32.54
39.89,31.24
39.89,31.24
39.89,31.24
39.89,33.84
39.88,32.54
39.87,23.43
39.85,26.03
39.84,22.13
39.83,16.92
39.85,15.62
39.86,22.13
39.87,11.72
39.87,13.02
39.87,11.72
39.86,10.41
39.85,14.32
39.82,14.32
39.80,14.32
39.78,13.02
39.76,13.02
39.74,13.02
39.76,13.02
39.76,13.02
39.76,13.02
39.76,9.11
39.77,11.72
39.77,11.72
39.77,11.72
39.76,7.81
39.74,7.81
39.71,11.72
39.69,11.72
39.68,13.02
39.69,10.41
39.70,10.41
39.70,16.92
39.70,13.02
39.71,15.62
39.70,13.02
39.70,11.72
39.69,9.11
39.68,7.81
39.68,11.72
39.67,11.72
39.68,7.81
39.71,7.81
39.74,9.11
39.73,10.41
39.72,10.41
39.71,10.41
39.68,9.11
39.65,9.11
39.60,13.02
39.56,15.62
39.52,16.92
39.53,16.92
39.50,15.62
39.54,15.62
39.58,15.62
39.59,15.62
39.59,13.02
39.60,13.02
39.62,13.02
39.63,11.72
39.62,10.41
39.62,11.72
39.63,11.72
39.62,11.72
39.61,11.72
39.63,10.41
39.63,11.72
39.65,11.72
39.66,11.72
39.64,11.72
39.60,11.72
39.57,11.72
39.52,11.72
39.49,13.02
39.45,11.72
39.43,11.72
39.42,11.72
39.45,11.72
39.50,11.72
39.53,11.72
39.54,13.02
39.55,13.02
39.55,13.02
39.53,16.92
39.48,13.02
39.45,19.53
39.46,14.32
39.45,14.32
39.49,16.92
39.56,18.22
39.63,15.62
39.69,16.92
39.67,15.62
39.66,15.62
39.63,16.92
39.60,16.92
39.55,14.32
39.51,15.62
39.49,14.32
39.43,15.62
39.40,15.62
39.44,18.22
39.47,15.62
39.46,15.62
39.47,15.62
39.49,18.22
39.48,18.22
39.43,16.92
39.37,15.62
39.26,16.92
39.02,11.72
38.95,16.92
39.09,16.92
39.23,14.32
39.29,13.02
39.34,13.02
39.37,14.32
39.38,14.32
39.36,14.32
39.36,15.62
39.27,13.02
39.13,13.02
38.91,14.32
38.68,13.02
38.51,13.02
38.51,10.41
38.49,13.02
38.57,13.02
38.64,20.83
38.64,14.32
38.56,18.22
38.42,19.53
37.93,14.32
37.90,14.32
37.84,13.02
38.04,14.32
38.32,15.62
38.58,11.72
38.85,14.32
38.93,18.22
39.11,14.32
39.02,13.02
38.85,14.32
38.46,16.92
37.70,16.92
37.26,15.62
37.07,15.62
36.41,15.62
36.52,15.62
36.83,14.32
37.11,14.32
37.51,15.62
37.77,15.62
37.75,14.32
37.65,16.92
37.74,16.92
37.48,19.53
37.14,18.22
36.47,18.22
36.24,16.92
36.30,16.92
36.56,16.92
36.58,16.92
36.52,15.62
36.37,18.22
36.17,18.22
35.98,18.22
35.92,18.22
35.86,19.53
35.89,18.22
35.93,18.22
36.00,16.92
36.19,16.92
36.23,15.62
36.08,15.62
35.90,15.62
35.85,16.92
35.94,15.62
35.91,15.62
35.87,20.83
35.94,22.13
35.91,22.13
35.85,23.43
36.01,23.43
36.26,22.13
36.54,18.22
36.91,16.92
37.66,18.22
38.42,16.92
38.55,16.92
38.55,16.92
38.61,16.92
38.74,16.92
38.91,16.92
39.15,19.53
39.31,20.83
39.42,15.62
39.43,15.62
39.42,18.22
39.41,18.22
39.41,19.53
39.42,18.22
39.40,16.92
39.39,16.92
39.37,16.92
39.36,16.92
39.34,16.92
39.33,16.92
39.34,16.92
39.38,16.92
39.40,16.92
39.41,19.53
39.42,18.22
39.41,19.53
39.41,19.53
39.40,19.53
39.38,18.22
39.37,19.53
39.34,18.22
39.31,19.53
39.30,18.22
39.31,22.13
39.33,19.53
39.34,19.53
39.35,22.13
39.35,22.13
39.34,22.13
39.33,23.43
39.31,22.13
39.30,19.53
39.29,22.13
39.29,22.13
39.30,22.13
39.34,19.53
39.37,22.13
39.38,20.83
39.40,19.53
39.39,20.83
39.38,20.83
39.36,18.22
39.33,19.53
39.31,18.22
39.29,18.22
39.27,18.22
39.26,22.13
39.29,20.83
39.30,20.83
39.32,23.43
39.33,22.13
39.32,22.13
39.31,22.13
39.29,20.83
39.27,19.53
39.24,20.83
39.23,20.83
39.22,20.83
39.22,20.83
39.23,20.83
39.24,19.53
39.23,19.53
39.21,24.73
39.21,20.83
39.19,23.43
39.15,24.73
39.09,26.03
39.04,26.03
38.98,31.24
38.94,28.64
38.93,31.24
38.96,31.24
39.00,28.64
39.02,29.94
39.03,28.64
39.02,28.64
39.01,32.54
39.00,31.24
38.98,28.64
38.94,27.34
38.90,27.34
38.88,27.34
38.88,31.24
38.93,28.64
38.96,33.84
38.98,32.54
38.97,29.94
38.95,31.24
38.91,31.24
38.87,32.54
38.87,33.84
38.84,32.54
38.79,32.54
38.73,31.24
38.68,32.54
38.69,32.54
38.68,32.54
38.64,32.54
38.58,33.84
38.48,33.84
38.35,41.65
38.16,40.35
37.82,39.05
37.39,41.65
37.16,40.35
36.83,40.35
36.65,40.35
36.67,36.45
36.68,37.75
36.32,37.75
36.31,37.75
36.21,39.05
36.12,41.65
36.13,41.65
35.99,39.05
35.86,41.65
35.76,44.26
35.74,42.96
35.78,42.96
35.81,41.65
35.77,36.45
35.68,40.35
35.55,39.05
35.56,37.75
35.43,37.75
35.31,36.45
35.19,37.75
35.27,36.45
35.39,36.45
35.40,36.45
35.49,37.75
35.52,36.45
35.57,37.75
35.61,41.65
35.37,40.35
35.26,40.35
35.01,39.05
34.86,44.26
34.76,45.56
34.76,45.56
34.80,46.86
34.80,41.65
34.83,46.86
34.95,44.26
35.03,44.26
35.06,44.26
35.07,41.65
35.08,39.05
35.08,41.65
35.12,39.05
35.19,40.35
35.19,42.96
35.14,44.26
35.10,46.86
35.08,46.86
35.07,45.56
35.02,44.26
34.92,42.96
34.79,44.26
34.71,44.26
34.61,44.26
34.53,44.26
34.49,44.26
34.47,44.26
34.46,42.96
34.47,42.96
34.52,46.86
34.55,44.26
34.57,44.26
34.55,45.56
34.51,45.56
34.45,45.56
34.41,44.26
34.37,42.96
34.36,42.96
34.35,44.26
34.34,44.26
34.38,44.26
34.46,41.65
34.52,41.65
34.55,41.65
34.57,39.05
34.59,39.05
34.58,40.35
34.58,40.35
34.59,40.35
34.52,40.35
34.54,48.16
34.48,45.56
34.51,45.56
34.58,49.46
34.61,49.46
34.56,49.46
34.56,48.16
34.50,46.86
34.46,45.56
34.41,46.86
34.35,45.56
34.30,45.56
34.30,44.26
34.30,42.96
34.34,42.96
34.39,42.96
34.43,41.65
34.40,41.65
34.38,40.35
34.36,40.35
34.33,40.35
34.26,40.35
34.16,36.45
34.10,37.75
34.06,37.75
34.02,37.75
34.07,37.75
34.08,41.65
34.07,41.65
34.06,39.05
34.04,42.96
34.03,42.96
33.99,41.65
33.95,37.75
33.91,39.05
33.88,36.45
33.88,36.45
33.88,39.05
33.90,37.75
33.95,37.75
33.99,35.15
34.04,37.75
34.05,37.75
34.07,36.45
33.97,37.75
33.97,36.45
33.90,37.75
33.82,37.75
33.80,36.45
33.80,36.45
33.83,36.45
33.87,33.84
33.88,37.75
33.92,36.45
33.91,36.45
33.85,35.15
33.82,33.84
33.82,33.84
33.80,32.54
33.77,33.84
33.75,31.24
33.75,31.24
33.77,31.24
33.80,31.24
33.83,35.15
33.84,35.15
33.85,35.15
33.84,35.15
33.83,35.15
33.84,36.45
33.82,35.15
33.81,35.15
33.79,33.84
33.77,33.84
33.77,32.54
33.80,32.54
33.82,32.54
33.82,32.54
33.81,37.75
33.82,37.75
33.78,36.45
33.75,36.45
33.72,35.15
33.69,36.45
33.66,39.05
33.66,39.05
33.67,37.75
33.71,40.35
33.77,40.35
33.84,39.05
33.94,39.05
34.09,37.75
34.28,39.05
34.60,41.65
35.12,41.65
35.83,40.35
36.87,37.75
37.84,39.05
38.46,40.35
38.82,39.05
38.82,40.35
38.84,40.35
38.86,37.75
38.85,40.35
38.84,41.65
38.82,41.65
38.80,42.96
38.77,49.46
38.74,49.46
38.73,49.46
38.70,52.07
38.67,52.07
38.73,45.56
38.77,45.56
38.78,48.16
38.78,46.86
38.75,48.16
38.71,48.16
38.69,45.56
38.66,48.16
38.64,46.86
38.61,48.16
38.62,46.86
38.65,45.56
38.71,46.86
38.75,46.86
38.78,46.86
38.78,52.07
38.77,52.07
38.75,52.07
38.73,50.77
38.70,54.67
38.69,55.97
38.67,53.37
38.68,55.97
38.71,55.97
38.78,55.97
38.80,55.97
38.83,53.37
38.85,59.88
38.83,55.97
38.80,59.88
38.76,55.97
38.70,55.97
38.64,58.58
38.63,58.58
38.60,61.18
38.59,62.48
38.63,54.67
38.66,57.27
38.65,57.27
38.64,54.67
38.63,53.37
38.59,54.67
38.54,50.77
38.51,50.77
38.48,50.77
38.48,52.07
38.50,52.07
38.56,52.07
38.61,53.37
38.65,55.97
38.67,55.97
38.64,49.46
38.61,54.67
38.57,53.37
38.50,52.07
38.45,50.77
38.42,49.46
38.40,48.16
38.41,52.07
38.45,50.77
38.55,50.77
38.63,50.77
38.73,52.07
38.80,52.07
38.80,54.67
38.84,50.77
38.85,50.77
38.86,50.77
38.85,52.07
38.86,52.07
38.83,52.07
38.85,53.37
38.88,53.37
38.89,53.37
38.91,52.07
38.92,52.07
38.91,53.37
38.91,53.37
38.85,53.37
38.79,58.58
38.76,57.27
38.75,54.67
38.77,53.37
38.82,49.46
38.88,49.46
38.95,53.37
38.94,45.56
38.94,45.56
38.94,45.56
38.93,49.46
38.93,48.16
38.91,49.46
38.87,50.77
38.85,50.77
38.85,49.46
38.90,49.46
38.98,52.07
39.04,52.07
39.08,53.37
39.12,49.46
39.15,49.46
39.18,49.46
39.14,50.77
39.11,50.77
39.08,50.77
39.03,53.37
39.00,53.37
38.99,50.77
39.03,50.77
39.09,50.77
39.13,50.77
39.15,46.86
39.16,45.56
39.15,48.16
39.13,46.86
39.09,48.16
39.06,46.86
39.02,46.86
38.96,46.86
38.93,46.86
38.94,46.86
38.94,46.86
38.97,48.16
38.95,46.86
38.93,46.86
38.91,46.86
38.87,46.86
38.84,49.46
38.80,48.16
38.78,52.07
38.78,52.07
38.83,52.07
38.93,54.67
39.02,54.67
39.07,57.27
39.08,54.67
39.09,54.67
39.10,55.97
39.11,55.97
39.07,58.58
39.01,54.67
38.95,54.67
38.89,49.46
38.91,50.77
38.94,50.77
38.96,48.16
38.97,49.46
38.95,53.37
38.95,53.37
38.96,55.97
38.94,55.97
38.95,53.37
38.95,54.67
38.93,57.27
38.90,55.97
38.87,54.67
38.91,53.37
38.93,52.07
38.95,54.67
38.97,54.67
38.96,54.67
38.94,53.37
38.90,54.67
38.84,53.37
38.77,53.37
38.70,53.37
38.69,54.67
38.72,53.37
38.77,53.37
38.82,53.37
38.85,50.77
38.84,53.37
38.79,49.46
38.73,52.07
38.66,52.07
38.57,52.07
38.49,50.77
38.35,49.46
38.22,49.46
38.14,46.86
38.26,46.86
38.33,46.86
38.38,50.77
38.48,49.46
38.55,53.37
38.59,53.37
38.61,52.07
38.64,49.46
38.68,45.56
38.58,45.56
38.55,45.56
38.58,45.56
38.64,44.26
38.64,45.56
38.61,44.26
38.56,44.26
38.50,44.26
38.42,44.26
38.26,45.56
38.04,42.96
37.76,41.65
37.49,41.65
37.32,40.35
37.26,40.35
37.33,41.65
37.37,41.65
37.36,37.75
37.33,39.05
37.24,37.75
37.07,42.96
36.83,40.35
36.80,42.96
36.65,40.35
36.59,40.35
36.62,40.35
36.78,40.35
36.89,40.35
36.91,39.05
37.02,42.96
36.83,44.26
36.57,41.65
36.29,41.65
36.15,42.96
35.90,42.96
35.79,41.65
35.71,40.35
35.61,40.35
35.64,37.75
35.73,37.75
35.85,39.05
35.87,39.05
35.84,39.05
35.79,39.05
35.67,35.15
35.59,33.84
35.43,41.65
35.29,41.65
35.20,37.75
35.14,41.65
35.13,44.26
35.23,42.96
35.19,42.96
35.14,42.96
35.06,39.05
34.98,39.05
34.92,39.05
34.85,44.26
34.80,44.26
34.74,41.65
34.74,42.96
34.77,41.65
34.85,42.96
34.96,39.05
34.98,44.26
34.97,44.26
34.95,44.26
34.92,41.65
34.88,41.65
34.78,41.65
34.71,39.05
34.64,41.65
34.63,41.65
34.64,40.35
34.70,48.16
34.85,45.56
35.02,46.86
35.28,45.56
35.55,48.16
35.94,49.46
36.63,49.46
37.52,49.46
38.39,42.96
38.92,44.26
39.23,42.96
39.43,46.86
39.58,49.46
39.59,49.46
39.60,49.46
39.61,48.16
39.61,49.46
39.62,42.96
39.62,42.96
39.60,45.56
39.59,44.26
39.58,44.26
39.58,44.26
39.58,44.26
39.59,45.56
39.62,48.16
39.65,48.16
39.67,48.16
39.69,45.56
39.70,46.86
39.70,46.86
39.71,46.86
39.71,46.86
39.70,44.26
39.69,44.26
39.67,42.96
39.66,44.26
39.67,48.16
39.68,45.56
39.69,48.16
39.69,52.07
39.69,50.77
39.69,48.16
39.68,49.46
39.68,49.46
39.67,49.46
39.67,49.46
39.66,49.46
39.67,49.46
39.70,45.56
39.72,48.16
39.74,46.86
39.76,46.86
39.76,48.16
39.77,48.16
39.77,45.56
39.77,44.26
39.76,42.96
39.75,42.96
39.75,40.35
39.75,44.26
39.77,42.96
39.78,42.96
39.79,42.96
39.80,42.96
39.80,41.65
39.79,41.65
39.78,40.35
39.77,48.16
39.76,45.56
39.75,48.16
39.73,48.16
39.71,45.56
39.71,45.56
39.72,41.65
39.72,45.56
39.72,44.26
39.71,45.56
39.71,44.26
39.70,45.56
39.69,46.86
39.68,44.26
39.67,44.26
39.66,45.56
39.66,42.96
39.68,44.26
39.69,45.56
39.69,44.26
39.68,42.96
39.68,41.65
39.67,41.65
39.65,41.65
39.64,39.05
39.62,41.65
39.61,44.26
39.61,46.86
39.61,45.56
39.63,45.56
39.65,45.56
39.66,42.96
39.67,45.56
39.67,42.96
39.66,42.96
39.65,44.26
39.65,42.96
39.64,44.26
39.63,42.96
39.62,41.65
39.62,45.56
39.64,46.86
39.65,48.16
39.66,53.37
39.66,49.46
39.66,48.16
39.65,46.86
39.64,48.16
39.62,50.77
39.59,49.46
39.55,48.16
39.52,50.77
39.50,50.77
39.52,48.16
39.54,50.77
39.54,45.56
39.55,49.46
39.56,48.16
39.57,52.07
39.56,48.16
39.55,49.46
39.54,49.46
39.52,46.86
39.50,45.56
39.51,48.16
39.54,48.16
39.56,48.16
39.56,48.16
39.56,45.56
39.56,48.16
39.55,49.46
39.55,46.86
39.53,49.46
39.50,50.77
39.48,49.46
39.45,48.16
39.42,46.86
39.44,48.16
39.45,46.86
39.44,44.26
39.43,44.26
39.43,44.26
39.42,44.26
39.40,45.56
39.38,45.56
39.34,45.56
39.32,46.86
39.30,46.86
39.30,50.77
39.35,48.16
39.39,49.46
39.41,50.77
39.43,50.77
39.44,49.46
39.45,48.16
39.45,46.86
39.46,46.86
39.45,49.46
39.46,48.16
39.45,49.46
39.46,48.16
39.50,48.16
39.52,46.86
39.53,48.16
39.52,45.56
39.51,42.96
39.50,41.65
39.48,41.65
39.45,41.65
39.39,41.65
39.35,46.86
39.31,48.16
39.32,50.77
39.37,50.77
39.41,52.07
39.45,50.77
39.48,46.86
39.48,49.46
39.48,49.46
39.46,49.46
39.42,46.86
39.41,48.16
39.38,48.16
39.34,49.46
39.32,50.77
39.35,49.46
39.38,49.46
39.41,49.46
39.42,49.46
39.41,44.26
39.39,45.56
39.37,42.96
39.33,42.96
39.29,41.65
39.24,44.26
39.20,44.26
39.18,44.26
39.22,42.96
39.23,41.65
39.22,42.96
39.24,37.75
39.20,36.45
39.19,39.05
39.14,40.35
39.08,41.65
38.99,41.65
38.90,40.35
38.85,40.35
38.83,40.35
38.94,41.65
39.02,41.65
39.08,40.35
39.08,39.05
39.07,41.65
39.00,40.35
38.87,45.56
38.69,42.96
38.50,44.26
38.36,44.26
38.24,44.26
38.19,42.96
38.30,41.65
38.39,40.35
38.38,40.35
38.37,41.65
38.30,41.65
38.16,41.65
37.94,40.35
37.59,42.96
37.30,41.65
37.08,42.96
36.91,41.65
36.92,40.35
37.08,39.05
37.11,40.35
37.09,37.75
37.23,40.35
37.27,39.05
37.38,40.35
37.15,40.35
37.03,41.65
36.67,40.35
36.51,37.75
36.45,37.75
36.51,40.35
36.73,40.35
36.90,39.05
37.12,39.05
37.08,39.05
36.88,36.45
36.77,39.05
36.59,39.05
36.27,35.15
35.93,35.15
35.69,41.65
35.59,41.65
35.57,40.35
35.69,41.65
35.81,41.65
35.85,42.96
35.82,39.05
35.77,41.65
35.69,39.05
35.76,37.75
35.91,41.65
35.76,40.35
35.65,39.05
35.74,37.75
35.78,39.05
35.85,40.35
35.90,44.26
35.87,44.26
35.77,46.86
35.80,45.56
35.85,42.96
35.91,41.65
35.73,42.96
35.54,44.26
35.45,41.65
35.38,41.65
35.41,41.65
35.54,41.65
35.83,41.65
36.08,44.26
36.43,42.96
36.91,44.26
37.64,42.96
38.34,42.96
38.90,44.26
39.28,41.65
39.51,46.86
39.66,46.86
39.77,45.56
39.78,44.26
39.79,45.56
39.80,40.35
39.81,36.45
39.81,41.65
39.80,42.96
39.79,44.26
39.77,49.46
39.77,50.77
39.76,50.77
39.76,48.16
39.75,48.16
39.76,44.26
39.77,48.16
39.77,48.16
39.77,45.56
39.76,45.56
39.76,45.56
39.76,44.26
39.75,42.96
39.75,44.26
39.74,44.26
39.73,49.46
39.73,49.46
39.75,50.77
39.76,52.07
39.76,49.46
39.76,52.07
39.76,50.77
39.76,49.46
39.75,52.07
39.74,49.46
39.73,49.46
39.73,46.86
39.73,45.56
39.73,49.46
39.76,50.77
39.77,52.07
39.79,52.07
39.79,49.46
39.79,49.46
39.78,49.46
39.77,48.16
39.76,50.77
39.75,48.16
39.73,48.16
39.71,50.77
39.70,46.86
39.71,48.16
39.72,48.16
39.72,48.16
39.72,46.86
39.71,48.16
39.69,45.56
39.67,45.56
39.65,46.86
39.63,44.26
39.62,46.86
39.61,45.56
39.62,45.56
39.64,45.56
39.66,44.26
39.67,44.26
39.67,45.56
39.68,45.56
39.68,45.56
39.68,45.56
39.68,45.56
39.66,44.26
39.65,48.16
39.63,45.56
39.62,50.77
39.64,50.77
39.65,50.77
39.67,52.07
39.67,48.16
39.67,49.46
39.66,46.86
39.65,49.46
39.63,49.46
39.60,48.16
39.58,48.16
39.56,48.16
39.55,48.16
39.58,50.77
39.59,44.26
39.60,44.26
39.60,48.16
39.59,44.26
39.59,44.26
39.58,46.86
39.57,44.26
39.57,44.26
39.57,42.96
39.55,44.26
39.54,41.65
39.56,42.96
39.57,41.65
39.58,40.35
39.59,44.26
39.59,46.86
39.59,46.86
39.59,45.56
39.58,45.56
39.58,45.56
39.57,45.56
39.57,44.26
39.59,46.86
39.63,46.86
39.65,46.86
39.67,45.56
39.66,45.56
39.65,45.56
39.64,45.56
39.64,44.26
39.63,41.65
39.61,42.96
39.59,45.56
39.58,46.86
39.57,48.16
39.59,48.16
39.61,45.56
39.61,46.86
39.62,48.16
39.62,46.86
39.61,48.16
39.59,45.56
39.57,46.86
39.54,45.56
39.51,45.56
39.50,45.56
39.51,44.26
39.53,44.26
39.55,44.26
39.56,46.86
39.56,42.96
39.57,46.86
39.56,45.56
39.53,46.86
39.52,48.16
39.49,54.67
39.44,49.46
39.41,53.37
39.39,53.37
39.42,54.67
39.43,54.67
39.44,52.07
39.46,52.07
39.47,49.46
39.47,50.77
39.46,49.46
39.45,50.77
39.44,46.86
39.43,48.16
39.42,48.16
39.43,50.77
39.46,50.77
39.48,46.86
39.50,46.86
39.49,48.16
39.48,49.46
39.46,48.16
39.43,48.16
39.40,46.86
39.37,48.16
39.31,48.16
39.28,44.26
39.25,42.96
39.28,42.96
39.29,45.56
39.30,44.26
39.28,44.26
39.26,42.96
39.26,41.65
39.27,41.65
39.28,45.56
39.29,45.56
39.31,44.26
39.31,44.26
39.32,45.56
39.36,44.26
39.37,46.86
39.38,41.65
39.37,49.46
39.38,46.86
39.36,50.77
39.33,52.07
39.28,50.77
39.25,49.46
39.19,46.86
39.15,48.16
39.12,45.56
39.15,44.26
39.15,44.26
39.13,46.86
39.09,44.26
38.99,46.86
38.95,48.16
38.84,46.86
38.75,45.56
38.63,46.86
38.57,48.16
38.45,45.56
38.33,44.26
38.35,45.56
38.35,44.26
38.37,45.56
38.28,44.26
38.31,46.86
38.39,46.86
38.38,46.86
38.27,48.16
38.06,50.77
37.86,49.46
37.78,42.96
37.86,42.96
38.07,42.96
38.16,44.26
38.25,42.96
38.34,44.26
38.43,41.65
38.44,42.96
38.46,42.96
38.24,42.96
38.06,40.35
37.82,41.65
37.58,44.26
37.41,44.26
37.49,41.65
37.59,41.65
37.74,44.26
37.85,44.26
37.79,45.56
37.65,44.26
37.49,45.56
37.36,41.65
37.02,40.35
36.74,40.35
36.50,40.35
36.41,40.35
36.54,37.75
36.69,39.05
36.74,39.05
36.87,40.35
36.80,48.16
36.74,46.86
36.57,49.46
36.33,48.16
36.02,49.46
35.85,48.16
35.82,48.16
35.89,41.65
35.95,45.56
35.99,45.56
36.00,44.26
35.98,44.26
35.89,42.96
35.90,42.96
35.76,41.65
35.64,42.96
35.70,41.65
35.80,40.35
35.73,42.96
35.75,46.86
35.91,49.46
35.94,49.46
35.93,49.46
35.82,45.56
35.81,45.56
35.70,45.56
35.63,42.96
35.61,42.96
35.48,45.56
35.40,42.96
35.42,42.96
35.58,44.26
35.87,44.26
36.26,45.56
36.60,44.26
37.07,46.86
37.44,46.86
37.95,45.56
38.56,45.56
39.04,44.26
39.34,45.56
39.54,45.56
39.69,48.16
39.80,45.56
39.81,46.86
39.83,45.56
39.84,45.56
39.84,46.86
39.84,46.86
39.83,50.77
39.83,49.46
39.82,52.07
39.81,55.97
39.81,57.27
39.80,54.67
39.80,52.07
39.81,50.77
39.82,46.86
39.82,49.46
39.84,48.16
39.85,48.16
39.86,49.46
39.86,48.16
39.86,46.86
39.85,48.16
39.83,52.07
39.81,50.77
39.81,49.46
39.82,52.07
39.83,52.07
39.84,53.37
39.84,50.77
39.84,53.37
39.84,49.46
39.84,46.86
39.84,48.16
39.84,49.46
39.84,48.16
39.84,49.46
39.84,48.16
39.85,48.16
39.86,49.46
39.86,48.16
39.87,50.77
39.86,50.77
39.86,50.77
39.85,52.07
39.84,50.77
39.83,49.46
39.82,49.46
39.82,52.07
39.82,50.77
39.83,50.77
39.84,50.77
39.85,50.77
39.84,50.77
39.84,49.46
39.83,49.46
39.83,50.77
39.82,54.67
39.80,53.37
39.79,57.27
39.78,55.97
39.76,55.97
39.78,54.67
39.79,52.07
39.79,52.07
39.79,53.37
39.79,49.46
39.78,53.37
39.77,45.56
39.76,46.86
39.74,50.77
39.73,50.77
39.72,48.16
39.71,50.77
39.73,52.07
39.75,50.77
39.76,49.46
39.78,46.86
39.78,46.86
39.78,46.86
39.78,45.56
39.77,46.86
39.77,48.16
39.76,45.56
39.75,48.16
39.76,46.86
39.77,48.16
39.78,48.16
39.79,45.56
39.78,46.86
39.78,46.86
39.77,49.46
39.76,49.46
39.74,48.16
39.72,46.86
39.71,46.86
39.69,46.86
39.68,46.86
39.69,45.56
39.69,44.26
39.69,42.96
39.70,45.56
39.68,44.26
39.67,45.56
39.66,44.26
39.64,44.26
39.62,42.96
39.60,42.96
39.59,45.56
39.58,40.35
39.62,41.65
39.64,41.65
39.66,42.96
39.68,42.96
39.69,48.16
39.68,48.16
39.66,48.16
39.65,49.46
39.63,48.16
39.61,48.16
39.59,46.86
39.59,46.86
39.61,45.56
39.63,45.56
39.63,44.26
39.64,42.96
39.63,44.26
39.63,44.26
39.61,42.96
39.60,44.26
39.60,44.26
39.60,48.16
39.59,49.46
39.59,46.86
39.61,46.86
39.62,48.16
39.63,49.46
39.63,49.46
39.62,46.86
39.60,49.46
39.58,52.07
39.56,46.86
39.53,46.86
39.51,46.86
39.49,49.46
39.50,48.16
39.55,53.37
39.59,53.37
39.62,52.07
39.63,54.67
39.66,53.37
39.66,50.77
39.67,45.56
39.67,44.26
39.67,41.65
39.63,44.26
39.63,41.65
39.61,42.96
39.63,46.86
39.64,49.46
39.63,48.16
39.63,49.46
39.61,45.56
39.60,46.86
39.58,53.37
39.55,52.07
39.51,49.46
39.49,48.16
39.48,45.56
39.47,45.56
39.49,45.56
39.49,46.86
39.50,45.56
39.51,49.46
39.50,46.86
39.47,49.46
39.43,50.77
39.39,42.96
39.33,44.26
39.25,44.26
39.15,45.56
39.14,45.56
39.22,49.46
39.27,48.16
39.27,49.46
39.28,46.86
39.27,48.16
39.26,46.86
39.26,45.56
39.27,45.56
39.22,46.86
39.16,48.16
39.15,52.07
39.17,53.37
39.25,50.77
39.32,52.07
39.35,52.07
39.42,49.46
39.40,48.16
39.41,46.86
39.37,49.46
39.29,48.16
39.19,44.26
39.08,46.86
39.01,48.16
38.96,48.16
39.04,46.86
39.11,46.86
39.18,46.86
39.19,46.86
39.22,45.56
39.20,50.77
39.13,48.16
39.05,50.77
39.00,48.16
38.89,49.46
38.74,46.86
38.74,44.26
38.87,45.56
38.93,46.86
39.02,46.86
39.05,46.86
39.08,46.86
39.04,46.86
38.98,49.46
38.89,45.56
38.73,46.86
38.39,46.86
37.97,44.26
37.94,46.86
38.16,45.56
38.30,42.96
38.34,42.96
38.35,42.96
38.27,40.35
38.24,44.26
38.14,44.26
37.94,46.86
37.65,46.86
37.58,46.86
37.57,42.96
37.50,40.35
37.61,40.35
37.84,41.65
38.02,39.05
38.01,41.65
37.90,41.65
37.66,40.35
37.35,44.26
36.79,44.26
36.52,45.56
36.38,45.56
36.33,45.56
36.38,44.26
36.64,46.86
37.11,42.96
37.57,41.65
38.02,42.96
38.36,44.26
38.24,41.65
38.17,42.96
37.87,41.65
37.50,40.35
36.95,45.56
36.53,45.56
36.32,46.86
36.61,46.86
36.68,49.46
36.66,49.46
36.67,48.16
36.57,52.07
36.52,49.46
36.40,49.46
36.32,49.46
36.22,48.16
36.19,49.46
36.36,48.16
36.59,50.77
36.86,49.46
37.04,49.46
37.22,50.77
37.40,49.46
37.87,53.37
38.41,55.97
38.84,55.97
39.24,55.97
39.51,57.27
39.68,54.67
39.80,53.37
39.89,50.77
39.91,48.16
39.92,49.46
39.92,48.16
39.93,42.96
39.93,44.26
39.93,44.26
39.92,44.26
39.92,41.65
39.92,42.96
39.91,41.65
39.91,41.65
39.91,44.26
39.92,45.56
39.94,44.26
39.95,42.96
39.96,45.56
39.96,49.46
39.97,48.16
39.96,50.77
39.96,48.16
39.95,46.86
39.94,49.46
39.92,48.16
39.91,48.16
39.91,44.26
39.92,44.26
39.93,46.86
39.94,50.77
39.94,44.26
39.94,44.26
39.93,42.96
39.93,45.56
39.93,44.26
39.92,49.46
39.91,49.46
39.91,50.77
39.92,49.46
39.93,52.07
39.93,53.37
39.93,49.46
39.93,54.67
39.92,54.67
39.91,55.97
39.91,52.07
39.90,50.77
39.89,53.37
39.89,53.37
39.88,50.77
39.90,53.37
39.91,53.37
39.92,50.77
39.93,53.37
39.93,54.67
39.93,54.67
39.92,52.07
39.91,54.67
39.90,52.07
39.90,52.07
39.89,52.07
39.89,53.37
39.90,50.77
39.91,52.07
39.92,52.07
39.93,49.46
39.93,49.46
39.93,49.46
39.93,50.77
39.93,48.16
39.92,50.77
39.91,50.77
39.89,49.46
39.88,45.56
39.88,45.56
39.89,48.16
39.89,48.16
39.89,52.07
39.89,52.07
39.88,53.37
39.86,54.67
39.86,54.67
39.85,53.37
39.84,49.46
39.83,49.46
39.82,50.77
39.83,53.37
39.84,53.37
39.84,57.27
39.83,54.67
39.83,52.07
39.83,53.37
39.82,52.07
39.82,50.77
39.80,48.16
39.79,49.46
39.78,49.46
39.78,45.56
39.79,49.46
39.80,50.77
39.81,53.37
39.82,49.46
39.82,50.77
39.81,49.46
39.80,54.67
39.77,54.67
39.75,50.77
39.73,50.77
39.71,55.97
39.70,55.97
39.71,54.67
39.72,54.67
39.73,53.37
39.74,53.37
39.73,53.37
39.72,52.07
39.70,52.07
39.69,52.07
39.67,49.46
39.66,53.37
39.65,54.67
39.64,54.67
39.68,52.07
39.71,54.67
39.74,55.97
39.76,52.07
39.77,50.77
39.76,48.16
39.75,44.26
39.73,44.26
39.70,46.86
39.67,45.56
39.64,45.56
39.63,44.26
39.65,45.56
39.67,48.16
39.68,48.16
39.68,48.16
39.69,48.16
39.69,50.77
39.69,50.77
39.69,52.07
39.68,50.77
39.68,52.07
39.66,50.77
39.65,52.07
39.68,54.67
39.71,57.27
39.73,53.37
39.74,53.37
39.73,50.77
39.74,53.37
39.73,50.77
39.70,52.07
39.69,52.07
39.68,52.07
39.67,54.67
39.67,53.37
39.70,55.97
39.70,53.37
39.70,52.07
39.69,53.37
39.65,52.07
39.61,52.07
39.56,53.37
39.52,52.07
39.50,46.86
39.50,53.37
39.49,55.97
39.52,55.97
39.59,55.97
39.62,57.27
39.62,57.27
39.63,53.37
39.63,55.97
39.63,55.97
39.63,50.77
39.59,52.07
39.53,54.67
39.47,50.77
39.43,48.16
39.43,48.16
39.47,46.86
39.51,49.46
39.53,46.86
39.55,49.46
39.53,49.46
39.53,50.77
39.49,49.46
39.40,46.86
39.38,48.16
39.37,48.16
39.37,48.16
39.38,48.16
39.45,48.16
39.47,48.16
39.49,49.46
39.49,45.56
39.50,46.86
39.48,48.16
39.47,46.86
39.46,46.86
39.46,49.46
39.45,50.77
39.44,50.77
39.42,48.16
39.44,49.46
39.46,46.86
39.45,45.56
39.42,37.75
39.40,36.45
39.38,36.45
39.35,37.75
39.27,35.15
39.19,36.45
39.18,39.05
39.13,41.65
39.10,40.35
39.15,37.75
39.22,44.26
39.26,41.65
39.30,42.96
39.30,44.26
39.31,41.65
39.24,41.65
39.19,42.96
39.04,41.65
38.92,41.65
38.76,40.35
38.72,39.05
38.91,42.96
39.01,45.56
39.05,48.16
39.06,48.16
39.06,44.26
39.01,39.05
38.95,41.65
38.75,44.26
38.58,40.35
38.29,40.35
38.01,40.35
38.03,41.65
38.08,42.96
38.09,40.35
38.20,40.35
38.24,39.05
38.23,40.35
38.39,39.05
38.30,40.35
38.12,40.35
37.69,37.75
37.08,37.75
36.59,36.45
36.53,39.05
36.79,40.35
37.02,40.35
37.15,41.65
37.43,42.96
37.48,41.65
37.57,48.16
37.67,46.86
37.41,48.16
37.18,46.86
36.86,45.56
36.64,42.96
36.55,41.65
36.71,44.26
36.62,46.86
36.69,42.96
36.85,44.26
36.90,39.05
36.71,40.35
36.76,40.35
36.69,42.96
36.68,37.75
36.86,39.05
36.85,37.75
37.05,42.96
37.49,42.96
37.99,41.65
38.35,40.35
38.66,41.65
39.00,44.26
39.18,45.56
39.41,45.56
39.59,45.56
39.74,44.26
39.85,46.86
39.94,48.16
40.01,49.46
40.02,48.16
40.03,46.86
40.03,45.56
40.04,45.56
40.04,48.16
40.04,49.46
40.03,46.86
40.02,48.16
40.00,49.46
39.98,54.67
39.96,53.37
39.95,53.37
39.95,50.77
39.95,52.07
39.95,52.07
39.95,48.16
39.95,44.26
39.95,44.26
39.95,42.96
39.94,45.56
39.94,45.56
39.93,45.56
39.93,45.56
39.94,48.16
39.95,48.16
39.96,48.16
39.97,44.26
39.98,44.26
39.98,49.46
39.98,46.86
39.97,46.86
39.96,45.56
39.95,45.56
39.94,46.86
39.93,45.56
39.92,42.96
39.93,48.16
39.95,44.26
39.96,45.56
39.97,44.26
39.96,46.86
39.96,42.96
39.97,41.65
39.97,41.65
39.97,45.56
39.97,45.56
39.97,44.26
39.97,42.96
39.98,45.56
39.99,44.26
40.00,46.86
40.00,48.16
40.01,49.46
40.00,48.16
40.00,46.86
39.99,49.46
39.98,46.86
39.98,46.86
39.97,45.56
39.96,45.56
39.97,50.77
39.98,49.46
39.99,50.77
39.99,50.77
39.99,52.07
39.99,52.07
39.98,50.77
39.97,46.86
39.95,48.16
39.94,48.16
39.93,49.46
39.93,49.46
39.93,49.46
39.94,49.46
39.94,49.46
39.94,49.46
39.94,50.77
39.94,49.46
39.94,49.46
39.93,49.46
39.93,50.77
39.91,52.07
39.90,52.07
39.89,52.07
39.92,52.07
39.94,49.46
39.95,48.16
39.96,48.16
39.96,45.56
39.96,46.86
39.96,46.86
39.95,45.56
39.93,48.16
39.92,48.16
39.91,46.86
39.91,48.16
39.93,48.16
39.94,48.16
39.94,46.86
39.94,46.86
39.93,45.56
39.92,48.16
39.91,45.56
39.90,48.16
39.88,49.46
39.88,50.77
39.87,52.07
39.87,48.16
39.89,48.16
39.91,53.37
39.92,50.77
39.92,53.37
39.93,52.07
39.93,49.46
39.93,53.37
39.92,50.77
39.91,55.97
39.90,53.37
39.90,57.27
39.89,53.37
39.90,54.67
39.90,53.37
39.91,50.77
39.91,48.16
39.91,49.46
39.91,46.86
39.90,46.86
39.89,46.86
39.87,42.96
39.86,42.96
39.85,46.86
39.83,48.16
39.84,45.56
39.84,48.16
39.84,49.46
39.82,45.56
39.80,48.16
39.78,49.46
39.76,46.86
39.75,44.26
39.74,46.86
39.73,48.16
39.72,49.46
39.73,49.46
39.77,49.46
39.80,49.46
39.82,50.77
39.83,53.37
39.84,54.67
39.85,54.67
39.85,54.67
39.84,54.67
39.82,55.97
39.81,54.67
39.80,55.97
39.80,57.27
39.83,53.37
39.84,53.37
39.83,54.67
39.84,54.67
39.83,49.46
39.83,52.07
39.82,58.58
39.81,57.27
39.80,61.18
39.79,61.18
39.78,57.27
39.76,55.97
39.78,58.58
39.79,54.67
39.80,53.37
39.81,49.46
39.81,46.86
39.81,44.26
39.80,49.46
39.78,48.16
39.77,46.86
39.78,49.46
39.77,50.77
39.76,48.16
39.78,52.07
39.79,52.07
39.79,49.46
39.77,49.46
39.76,49.46
39.74,48.16
39.71,46.86
39.69,48.16
39.65,48.16
39.58,50.77
39.54,50.77
39.53,50.77
39.57,52.07
39.61,52.07
39.62,50.77
39.64,50.77
39.64,52.07
39.62,52.07
39.58,52.07
39.53,52.07
39.50,49.46
39.46,52.07
39.42,48.16
39.41,48.16
39.46,48.16
39.49,46.86
39.51,45.56
39.50,42.96
39.51,44.26
39.50,41.65
39.47,45.56
39.43,45.56
39.38,49.46
39.29,46.86
39.14,49.46
38.97,48.16
38.93,46.86
38.76,44.26
38.50,41.65
38.03,42.96
37.94,45.56
37.94,42.96
37.95,46.86
37.86,42.96
37.99,42.96
38.06,42.96
38.11,42.96
38.06,41.65
38.29,41.65
38.67,42.96
38.68,45.56
38.76,44.26
38.73,46.86
38.54,44.26
38.47,41.65
38.33,42.96
38.01,45.56
37.79,42.96
37.65,44.26
37.85,44.26
38.40,44.26
38.64,42.96
38.64,42.96
38.42,42.96
38.00,40.35
37.69,41.65
37.76,40.35
37.49,42.96
36.89,42.96
36.72,42.96
36.63,40.35
36.65,44.26
36.79,41.65
36.71,42.96
36.76,42.96
36.73,50.77
36.74,49.46
36.59,49.46
36.44,52.07
36.20,50.77
35.98,52.07
35.95,48.16
35.98,49.46
36.24,46.86
36.59,46.86
36.95,45.56
37.31,44.26
37.62,46.86
37.82,45.56
38.14,46.86
37.76,48.16
37.41,46.86
36.79,50.77
36.39,49.46
36.12,49.46
36.12,49.46
36.33,49.46
36.43,50.77
36.27,49.46
36.41,52.07
36.46,49.46
36.97,54.67
37.53,54.67
38.15,54.67
38.63,50.77
39.05,52.07
39.27,53.37
39.42,54.67
39.45,53.37
39.47,49.46
39.49,50.77
39.51,49.46
39.51,46.86
39.51,49.46
39.51,54.67
39.50,61.18
39.49,59.88
39.49,57.27
39.49,58.58
39.48,57.27
39.51,52.07
39.52,52.07
39.54,54.67
39.55,54.67
39.56,54.67
39.56,52.07
39.55,49.46
39.54,49.46
39.53,49.46
39.51,49.46
39.49,49.46
39.47,49.46
39.48,50.77
39.49,53.37
39.49,54.67
39.48,55.97
39.46,53.37
39.46,52.07
39.46,54.67
39.45,58.58
39.44,59.88
39.43,57.27
39.42,57.27
39.42,58.58
39.44,55.97
39.45,55.97
39.45,55.97
39.46,55.97
39.46,54.67
39.44,54.67
39.42,54.67
39.40,54.67
39.38,54.67
39.36,52.07
39.34,52.07
39.34,54.67
39.37,52.07
39.38,50.77
39.39,53.37
39.39,55.97
39.39,57.27
39.37,58.58
39.37,58.58
39.37,55.97
39.37,52.07
39.35,53.37
39.34,52.07
39.35,52.07
39.39,52.07
39.41,52.07
39.43,52.07
39.44,54.67
39.44,50.77
39.43,50.77
39.42,52.07
39.41,52.07
39.39,52.07
39.38,49.46
39.37,49.46
39.38,48.16
39.43,50.77
39.44,52.07
39.45,50.77
39.45,50.77
39.44,49.46
39.43,50.77
39.41,48.16
39.38,49.46
39.37,50.77
39.36,49.46
39.35,45.56
39.35,44.26
39.38,44.26
39.41,42.96
39.42,49.46
39.43,45.56
39.43,50.77
39.41,53.37
39.40,53.37
39.38,53.37
39.36,53.37
39.34,48.16
39.32,42.96
39.30,44.26
39.32,44.26
39.32,48.16
39.32,48.16
39.32,52.07
39.31,46.86
39.31,50.77
39.29,50.77
39.27,52.07
39.26,52.07
39.23,52.07
39.21,52.07
39.22,53.37
39.25,55.97
39.28,55.97
39.29,57.27
39.30,55.97
39.31,55.97
39.31,55.97
39.30,55.97
39.30,54.67
39.29,55.97
39.27,53.37
39.26,53.37
39.26,53.37
39.32,55.97
39.36,55.97
39.37,55.97
39.38,52.07
39.37,52.07
39.36,55.97
39.36,54.67
39.33,53.37
39.31,55.97
39.26,52.07
39.23,52.07
39.19,52.07
39.21,52.07
39.20,52.07
39.18,52.07
39.17,52.07
39.15,49.46
39.12,50.77
39.09,50.77
39.05,49.46
39.01,48.16
39.00,49.46
39.00,49.46
39.01,49.46
39.06,50.77
39.11,53.37
39.13,54.67
39.12,58.58
39.13,59.88
39.12,55.97
39.09,57.27
39.08,55.97
39.09,57.27
39.09,57.27
39.09,52.07
39.11,48.16
39.17,49.46
39.22,50.77
39.26,53.37
39.28,52.07
39.29,52.07
39.27,52.07
39.25,53.37
39.23,53.37
39.20,50.77
39.16,49.46
39.15,49.46
39.14,49.46
39.17,46.86
39.22,46.86
39.25,45.56
39.26,46.86
39.25,48.16
39.27,49.46
39.27,48.16
39.22,48.16
39.17,44.26
39.10,46.86
39.01,45.56
38.95,48.16
38.98,45.56
38.95,46.86
38.92,46.86
38.88,46.86
38.85,45.56
38.84,45.56
38.86,44.26
38.80,46.86
38.75,45.56
38.72,50.77
38.69,52.07
38.68,49.46
38.77,46.86
38.81,46.86
38.81,46.86
38.81,46.86
38.80,44.26
38.77,42.96
38.74,50.77
38.73,48.16
38.69,49.46
38.67,50.77
38.62,49.46
38.63,48.16
38.72,45.56
38.76,42.96
38.77,44.26
38.77,42.96
38.75,44.26
38.69,48.16
38.60,44.26
38.47,44.26
38.27,45.56
38.12,46.86
37.92,45.56
37.87,45.56
37.95,46.86
37.97,49.46
37.99,49.46
37.99,46.86
38.01,49.46
38.00,49.46
38.02,46.86
37.93,44.26
37.82,44.26
37.54,42.96
37.42,42.96
37.26,44.26
37.29,41.65
37.29,41.65
37.32,41.65
37.43,40.35
37.43,40.35
37.27,41.65
37.18,42.96
36.85,42.96
36.66,40.35
36.49,40.35
36.40,41.65
36.43,40.35
36.67,41.65
36.88,41.65
37.00,41.65
36.97,40.35
36.90,41.65
36.67,41.65
36.47,40.35
36.35,40.35
36.20,40.35
35.98,39.05
35.93,41.65
35.91,46.86
36.01,46.86
36.02,46.86
36.03,48.16
35.99,48.16
35.91,44.26
35.91,45.56
35.84,45.56
35.79,44.26
35.70,44.26
35.65,44.26
35.67,44.26
35.89,41.65
36.10,42.96
36.40,45.56
36.68,45.56
37.00,49.46
36.93,49.46
36.83,50.77
36.67,49.46
36.33,48.16
36.07,46.86
35.75,45.56
35.64,46.86
35.61,48.16
35.79,46.86
36.00,45.56
36.38,46.86
36.97,48.16
37.52,45.56
38.13,46.86
38.61,45.56
38.96,49.46
39.23,50.77
39.40,46.86
39.54,49.46
39.65,52.07
39.67,49.46
39.69,49.46
39.70,52.07
39.70,49.46
39.70,55.97
39.70,54.67
39.69,57.27
39.68,58.58
39.66,57.27
39.66,59.88
39.66,55.97
39.66,53.37
39.67,53.37
39.69,50.77
39.70,52.07
39.71,54.67
39.71,53.37
39.72,52.07
39.73,52.07
39.72,50.77
39.70,49.46
39.67,46.86
39.66,46.86
39.64,46.86
39.64,49.46
39.66,49.46
39.66,50.77
39.66,50.77
39.66,52.07
39.65,52.07
39.64,53.37
39.63,58.58
39.63,53.37
39.63,52.07
39.63,53.37
39.63,52.07
39.67,53.37
39.69,52.07
39.70,52.07
39.70,49.46
39.70,53.37
39.71,52.07
39.71,54.67
39.70,54.67
39.69,53.37
39.67,50.77
39.65,52.07
39.65,49.46
39.66,52.07
39.67,53.37
39.67,53.37
39.67,52.07
39.66,52.07
39.66,53.37
39.65,54.67
39.64,54.67
39.63,57.27
39.62,52.07
39.61,53.37
39.61,54.67
39.63,57.27
39.64,57.27
39.66,57.27
39.66,58.58
39.66,57.27
39.65,58.58
39.63,55.97
39.60,54.67
39.58,55.97
39.57,53.37
39.55,53.37
39.54,55.97
39.56,54.67
39.58,54.67
39.58,55.97
39.58,54.67
39.57,55.97
39.57,52.07
39.55,52.07
39.53,50.77
39.51,50.77
39.49,50.77
39.48,54.67
39.47,53.37
39.50,55.97
39.51,53.37
39.51,55.97
39.51,53.37
39.50,53.37
39.49,55.97
39.47,52.07
39.46,50.77
39.44,53.37
39.41,53.37
39.39,53.37
39.40,52.07
39.43,53.37
39.46,54.67
39.49,55.97
39.49,54.67
39.51,53.37
39.49,53.37
39.47,54.67
39.44,58.58
39.40,59.88
39.36,57.27
39.34,59.88
39.37,61.18
39.42,58.58
39.46,58.58
39.49,58.58
39.50,55.97
39.50,54.67
39.51,57.27
39.51,53.37
39.51,50.77
39.50,49.46
39.49,50.77
39.48,52.07
39.49,57.27
39.52,54.67
39.54,55.97
39.55,53.37
39.55,52.07
39.54,54.67
39.53,53.37
39.51,50.77
39.49,50.77
39.47,52.07
39.44,53.37
39.43,54.67
39.42,50.77
39.46,46.86
39.47,49.46
39.47,50.77
39.47,52.07
39.47,49.46
39.46,49.46
39.44,46.86
39.41,49.46
39.38,48.16
39.33,46.86
39.31,49.46
39.30,52.07
39.33,50.77
39.35,50.77
39.36,53.37
39.35,48.16
39.35,49.46
39.35,52.07
39.34,48.16
39.32,52.07
39.30,49.46
39.30,48.16
39.30,48.16
39.32,45.56
39.38,49.46
39.42,49.46
39.44,52.07
39.45,48.16
39.43,49.46
39.40,54.67
39.37,52.07
39.33,53.37
39.29,53.37
39.23,55.97
39.16,52.07
39.15,55.97
39.22,55.97
39.26,54.67
39.28,53.37
39.27,53.37
39.25,52.07
39.23,55.97
39.19,57.27
39.13,54.67
39.04,53.37
38.97,53.37
38.92,54.67
38.88,52.07
38.92,48.16
38.97,54.67
39.00,54.67
39.02,53.37
39.02,54.67
38.98,54.67
38.92,53.37
38.84,54.67
38.75,54.67
38.71,53.37
38.66,49.46
38.68,50.77
38.74,49.46
38.81,50.77
38.84,48.16
38.85,44.26
38.83,44.26
38.82,42.96
38.78,46.86
38.77,42.96
38.72,42.96
38.70,40.35
38.60,40.35
38.52,44.26
38.58,45.56
38.65,42.96
38.69,45.56
38.71,46.86
38.68,48.16
38.69,49.46
38.71,45.56
38.59,44.26
38.49,41.65
38.33,45.56
38.14,45.56
38.01,46.86
38.04,44.26
38.13,44.26
38.23,44.26
38.26,42.96
38.32,39.05
38.32,41.65
38.18,42.96
38.11,39.05
38.04,41.65
37.95,36.45
37.83,35.15
37.88,37.75
38.09,40.35
38.21,40.35
38.20,39.05
38.13,37.75
38.09,36.45
37.86,37.75
37.51,37.75
37.16,40.35
36.89,39.05
36.60,35.15
36.49,35.15
36.46,40.35
36.50,39.05
36.59,36.45
36.66,37.75
36.64,40.35
36.64,41.65
36.62,40.35
36.43,37.75
36.20,41.65
35.96,39.05
35.83,45.56
35.80,45.56
35.82,48.16
36.00,50.77
36.08,48.16
36.13,46.86
36.16,46.86
36.18,45.56
36.08,45.56
36.01,44.26
35.92,42.96
35.90,44.26
35.90,44.26
36.06,44.26
36.25,48.16
36.38,44.26
36.46,46.86
36.46,46.86
36.36,52.07
36.18,52.07
36.15,49.46
35.98,48.16
35.79,45.56
35.68,49.46
35.58,44.26
35.56,45.56
35.65,45.56
35.98,42.96
36.43,48.16
36.89,49.46
37.48,53.37
37.93,54.67
38.36,57.27
38.71,53.37
39.00,52.07
39.25,55.97
39.44,54.67
39.58,55.97
39.69,55.97
39.70,59.88
39.72,58.58
39.73,61.18
39.74,59.88
39.74,59.88
39.74,58.58
39.74,55.97
39.75,53.37
39.74,50.77
39.74,50.77
39.74,46.86
39.75,50.77
39.76,50.77
39.78,53.37
39.79,52.07
39.80,53.37
39.81,53.37
39.80,50.77
39.80,53.37
39.79,53.37
39.77,52.07
39.76,49.46
39.73,53.37
39.72,54.67
39.73,52.07
39.74,50.77
39.74,50.77
39.74,50.77
39.74,52.07
39.73,52.07
39.72,53.37
39.70,54.67
39.69,57.27
39.68,55.97
39.68,53.37
39.69,54.67
39.71,55.97
39.73,57.27
39.74,55.97
39.75,53.37
39.75,55.97
39.75,48.16
39.75,46.86
39.74,44.26
39.72,45.56
39.71,50.77
39.70,52.07
39.69,49.46
39.71,48.16
39.72,50.77
39.72,49.46
39.73,49.46
39.73,48.16
39.73,48.16
39.72,53.37
39.71,53.37
39.69,52.07
39.68,53.37
39.68,53.37
39.68,52.07
39.70,55.97
39.72,52.07
39.73,52.07
39.74,49.46
39.74,48.16
39.75,44.26
39.75,42.96
39.74,42.96
39.73,46.86
39.71,45.56
39.71,45.56
39.71,46.86
39.73,44.26
39.74,46.86
39.74,46.86
39.75,46.86
39.74,48.16
39.73,46.86
39.72,48.16
39.70,48.16
39.69,50.77
39.67,48.16
39.66,42.96
39.66,48.16
39.67,48.16
39.68,50.77
39.69,50.77
39.69,49.46
39.68,50.77
39.67,46.86
39.66,53.37
39.65,50.77
39.64,54.67
39.63,50.77
39.63,50.77
39.62,49.46
39.65,45.56
39.66,44.26
39.67,44.26
39.67,42.96
39.67,41.65
39.66,39.05
39.64,37.75
39.63,39.05
39.63,39.05
39.62,40.35
39.61,41.65
39.61,42.96
39.65,44.26
39.67,44.26
39.69,42.96
39.69,44.26
39.69,46.86
39.69,46.86
39.70,45.56
39.69,46.86
39.67,48.16
39.65,49.46
39.63,49.46
39.62,48.16
39.62,48.16
39.63,48.16
39.63,45.56
39.62,48.16
39.61,48.16
39.60,48.16
39.58,50.77
39.56,48.16
39.54,48.16
39.54,48.16
39.53,48.16
39.53,48.16
39.55,48.16
39.55,48.16
39.55,45.56
39.55,46.86
39.55,44.26
39.53,45.56
39.50,45.56
39.49,46.86
39.47,42.96
39.44,45.56
39.40,45.56
39.37,48.16
39.40,49.46
39.44,53.37
39.45,50.77
39.45,52.07
39.44,53.37
39.43,50.77
39.41,48.16
39.40,48.16
39.37,46.86
39.36,46.86
39.35,46.86
39.35,50.77
39.38,48.16
39.40,49.46
39.41,49.46
39.40,48.16
39.40,50.77
39.39,49.46
39.35,49.46
39.33,45.56
39.28,48.16
39.25,48.16
39.24,48.16
39.24,53.37
39.33,49.46
39.37,49.46
39.41,49.46
39.42,48.16
39.44,49.46
39.45,49.46
39.43,42.96
39.42,48.16
39.40,48.16
39.38,46.86
39.34,46.86
39.35,46.86
39.38,46.86
39.39,46.86
39.41,50.77
39.41,52.07
39.41,52.07
39.41,54.67
39.38,49.46
39.33,50.77
39.28,54.67
39.25,52.07
39.22,53.37
39.19,49.46
39.24,46.86
39.32,41.65
39.33,39.05
39.33,40.35
39.31,41.65
39.28,42.96
39.23,46.86
39.17,46.86
39.07,48.16
38.95,45.56
38.83,45.56
38.78,41.65
38.79,46.86
38.80,46.86
38.73,45.56
38.67,45.56
38.64,46.86
38.59,44.26
38.54,44.26
38.32,44.26
38.19,45.56
38.09,45.56
38.14,44.26
38.29,44.26
38.44,44.26
38.52,37.75
38.66,40.35
38.68,36.45
38.65,35.15
38.55,35.15
38.30,35.15
38.12,36.45
37.90,36.45
37.86,36.45
37.69,37.75
37.59,39.05
37.57,40.35
37.58,39.05
37.53,39.05
37.39,39.05
37.17,41.65
37.08,40.35
36.82,39.05
36.43,39.05
36.21,36.45
35.90,32.54
35.91,37.75
36.06,33.84
36.23,36.45
36.28,40.35
36.23,39.05
36.17,42.96
36.14,42.96
36.12,44.26
36.03,44.26
35.92,41.65
35.68,41.65
35.53,40.35
35.59,40.35
35.76,44.26
35.87,40.35
35.98,40.35
36.20,41.65
36.37,41.65
36.47,45.56
36.40,42.96
36.36,45.56
36.49,44.26
36.44,41.65
36.64,40.35
36.57,42.96
36.62,42.96
36.77,39.05
36.72,40.35
36.72,37.75
36.65,40.35
36.49,41.65
36.35,41.65
36.20,41.65
36.09,41.65
36.07,41.65
36.01,41.65
36.01,44.26
36.14,42.96
36.37,42.96
36.83,42.96
37.33,48.16
37.85,48.16
38.17,48.16
38.49,52.07
38.83,53.37
39.14,48.16
39.40,41.65
39.56,46.86
39.71,46.86
39.81,45.56
39.83,45.56
39.86,49.46
39.87,46.86
39.89,46.86
39.89,49.46
39.89,46.86
39.89,49.46
39.89,49.46
39.88,48.16
39.88,49.46
39.87,48.16
39.86,49.46
39.87,49.46
39.87,49.46
39.87,48.16
39.87,48.16
39.86,42.96
39.85,41.65
39.84,42.96
39.82,45.56
39.81,46.86
39.80,45.56
39.79,45.56
39.80,45.56
39.82,45.56
39.83,42.96
39.83,44.26
39.84,42.96
39.84,41.65
39.83,44.26
39.83,44.26
39.82,46.86
39.81,45.56
39.80,48.16
39.80,48.16
39.80,49.46
39.81,49.46
39.82,49.46
39.83,49.46
39.84,49.46
39.84,52.07
39.85,50.77
39.84,52.07
39.84,49.46
39.82,49.46
39.80,44.26
39.79,46.86
39.78,46.86
39.79,45.56
39.79,49.46
39.79,50.77
39.78,45.56
39.77,46.86
39.75,52.07
39.75,52.07
39.74,52.07
39.74,50.77
39.74,52.07
39.73,53.37
39.73,54.67
39.75,54.67
39.77,50.77
39.77,52.07
39.78,52.07
39.78,54.67
39.78,54.67
39.78,57.27
39.77,59.88
39.75,52.07
39.73,55.97
39.71,52.07
39.70,50.77
39.70,53.37
39.70,53.37
39.69,50.77
39.68,50.77
39.67,54.67
39.66,55.97
39.65,55.97
39.65,55.97
39.65,57.27
39.63,53.37
39.62,55.97
39.62,52.07
39.65,52.07
39.67,50.77
39.68,48.16
39.69,48.16
39.69,49.46
39.68,48.16
39.68,46.86
39.67,45.56
39.66,50.77
39.64,48.16
39.63,46.86
39.65,46.86
39.67,48.16
39.69,48.16
39.70,48.16
39.70,45.56
39.69,46.86
39.68,46.86
39.67,48.16
39.64,49.46
39.61,49.46
39.55,49.46
39.51,49.46
39.48,52.07
39.48,52.07
39.48,50.77
39.48,50.77
39.48,50.77
39.46,49.46
39.45,50.77
39.45,53.37
39.45,52.07
39.45,55.97
39.45,57.27
39.46,57.27
39.47,49.46
39.51,46.86
39.54,44.26
39.56,46.86
39.58,44.26
39.59,44.26
39.59,46.86
39.58,48.16
39.57,46.86
39.55,45.56
39.53,44.26
39.51,45.56
39.50,42.96
39.53,44.26
39.55,45.56
39.56,46.86
39.57,48.16
39.57,48.16
39.56,48.16
39.55,50.77
39.51,49.46
39.49,45.56
39.46,46.86
39.43,45.56
39.42,45.56
39.44,45.56
39.46,48.16
39.46,49.46
39.48,49.46
39.47,45.56
39.48,48.16
39.47,48.16
39.45,49.46
39.43,53.37
39.44,53.37
39.44,49.46
39.46,50.77
39.50,54.67
39.53,52.07
39.53,53.37
39.53,50.77
39.51,52.07
39.48,52.07
39.44,52.07
39.42,50.77
39.39,49.46
39.37,48.16
39.35,49.46
39.36,48.16
39.39,49.46
39.43,49.46
39.44,49.46
39.45,48.16
39.45,52.07
39.42,54.67
39.40,46.86
39.35,48.16
39.35,46.86
39.31,46.86
39.29,49.46
39.28,49.46
39.29,49.46
39.32,48.16
39.33,52.07
39.33,50.77
39.33,49.46
39.30,49.46
39.25,49.46
39.27,48.16
39.23,49.46
39.20,48.16
39.18,46.86
39.20,46.86
39.28,45.56
39.34,46.86
39.39,46.86
39.39,44.26
39.38,44.26
39.34,44.26
39.26,46.86
39.22,48.16
39.16,49.46
39.02,45.56
38.88,46.86
38.70,46.86
38.66,46.86
38.64,46.86
38.70,45.56
38.84,46.86
38.91,44.26
38.96,44.26
38.96,45.56
38.87,45.56
38.76,45.56
38.57,44.26
38.46,39.05
38.44,39.05
38.66,42.96
38.71,48.16
38.73,42.96
38.73,42.96
38.69,42.96
38.55,42.96
38.44,35.15
38.28,35.15
38.05,36.45
37.73,39.05
37.37,39.05
37.11,39.05
37.00,39.05
36.75,39.05
36.77,39.05
36.52,37.75
36.43,36.45
36.42,36.45
36.38,37.75
36.38,37.75
36.26,41.65
36.19,39.05
36.25,36.45
36.36,39.05
36.55,37.75
36.55,37.75
36.61,37.75
36.61,36.45
36.56,35.15
36.28,37.75
36.00,40.35
35.80,42.96
35.62,41.65
35.58,41.65
35.73,41.65
35.79,42.96
36.18,41.65
36.54,40.35
36.69,42.96
36.94,42.96
36.90,44.26
36.80,45.56
36.48,44.26
36.18,44.26
35.98,44.26
35.84,44.26
35.81,48.16
35.93,46.86
35.99,50.77
36.14,49.46
36.30,49.46
36.41,49.46
36.50,49.46
36.26,49.46
36.12,49.46
35.80,46.86
35.58,48.16
35.46,48.16
35.46,45.56
35.42,45.56
35.50,45.56
35.73,45.56
36.02,53.37
36.58,54.67
37.26,54.67
37.97,52.07
38.61,53.37
39.09,53.37
39.40,53.37
39.60,53.37
39.74,48.16
39.84,46.86
39.85,44.26
39.87,49.46
39.88,49.46
39.88,48.16
39.88,48.16
39.88,48.16
39.87,48.16
39.85,48.16
39.84,46.86
39.84,46.86
39.84,46.86
39.84,53.37
39.85,50.77
39.87,50.77
39.87,52.07
39.88,44.26
39.88,49.46
39.87,50.77
39.87,49.46
39.86,52.07
39.84,49.46
39.83,49.46
39.82,50.77
39.81,50.77
39.82,50.77
39.83,50.77
39.83,35.15
39.83,48.16
39.82,37.75
39.81,45.56
39.81,35.15
39.81,33.84
39.80,32.54
39.78,39.05
39.77,37.75
39.77,37.75
39.78,37.75
39.80,37.75
39.81,32.54
39.82,32.54
39.82,35.15
39.83,37.75
39.83,35.15
39.83,35.15
39.83,35.15
39.82,32.54
39.82,35.15
39.81,35.15
39.83,35.15
39.83,36.45
39.84,35.15
39.85,35.15
39.85,35.15
39.84,33.84
39.83,31.24
39.81,33.84
39.80,33.84
39.79,33.84
39.79,33.84
39.79,33.84
39.81,33.84
39.83,33.84
39.84,40.35
39.84,41.65
39.85,42.96
39.86,44.26
39.86,45.56
39.85,46.86
39.85,45.56
39.84,50.77
39.84,46.86
39.83,46.86
39.84,48.16
39.85,45.56
39.86,45.56
39.87,46.86
39.87,46.86
39.87,48.16
39.86,46.86
39.85,50.77
39.83,42.96
39.82,48.16
39.81,44.26
39.81,44.26
39.83,39.05
39.84,39.05
39.84,36.45
39.85,36.45
39.85,36.45
39.85,36.45
39.84,37.75
39.82,33.84
39.80,37.75
39.78,37.75
39.76,36.45
39.74,36.45
39.74,35.15
39.75,39.05
39.75,39.05
39.75,39.05
39.75,37.75
39.74,41.65
39.73,42.96
39.72,44.26
39.71,45.56
39.69,44.26
39.67,42.96
39.67,44.26
39.70,44.26
39.72,44.26
39.72,46.86
39.73,44.26
39.74,44.26
39.74,49.46
39.74,45.56
39.73,45.56
39.72,45.56
39.71,49.46
39.71,45.56
39.71,45.56
39.73,48.16
39.75,48.16
39.75,48.16
39.76,48.16
39.75,48.16
39.75,53.37
39.74,55.97
39.73,54.67
39.71,50.77
39.67,44.26
39.62,44.26
39.57,50.77
39.58,50.77
39.59,49.46
39.61,49.46
39.61,50.77
39.61,48.16
39.61,48.16
39.60,48.16
39.57,48.16
39.54,49.46
39.51,50.77
39.50,45.56
39.50,46.86
39.55,48.16
39.59,48.16
39.61,48.16
39.62,49.46
39.62,49.46
39.61,49.46
39.60,50.77
39.56,50.77
39.52,52.07
39.50,50.77
39.49,50.77
39.50,44.26
39.55,46.86
39.59,46.86
39.61,45.56
39.61,49.46
39.61,46.86
39.63,46.86
39.63,46.86
39.63,50.77
39.62,49.46
39.59,45.56
39.56,46.86
39.56,46.86
39.59,49.46
39.60,50.77
39.61,50.77
39.60,50.77
39.60,50.77
39.58,49.46
39.56,49.46
39.51,49.46
39.47,52.07
39.43,54.67
39.42,54.67
39.42,52.07
39.46,52.07
39.49,42.96
39.51,45.56
39.52,40.35
39.53,42.96
39.50,42.96
39.44,42.96
39.42,42.96
39.38,42.96
39.36,42.96
39.35,42.96
39.35,44.26
39.39,41.65
39.42,41.65
39.45,42.96
39.44,42.96
39.42,42.96
39.39,44.26
39.34,42.96
39.28,40.35
39.21,42.96
39.12,41.65
39.04,41.65
39.01,41.65
39.08,41.65
39.15,41.65
39.16,40.35
39.16,37.75
39.17,42.96
39.19,42.96
39.19,41.65
39.14,41.65
39.06,41.65
38.91,40.35
38.85,41.65
38.83,42.96
38.90,44.26
38.93,42.96
38.93,42.96
38.92,42.96
38.87,42.96
38.83,41.65
38.76,39.05
38.58,41.65
38.29,40.35
37.91,40.35
37.62,40.35
37.78,40.35
38.11,35.15
38.19,36.45
37.93,33.84
37.79,33.84
37.54,39.05
37.14,39.05
36.53,39.05
36.51,41.65
36.47,41.65
36.43,40.35
36.30,37.75
36.31,39.05
36.46,37.75
36.53,40.35
36.56,40.35
36.54,40.35
36.51,41.65
36.48,37.75
36.41,39.05
36.27,40.35
36.14,37.75
35.84,37.75
35.76,39.05
35.84,39.05
35.96,39.05
36.07,39.05
36.14,41.65
36.20,40.35
36.29,39.05
36.51,40.35
36.56,40.35
36.51,40.35
36.28,44.26
36.17,41.65
36.10,42.96
36.14,39.05
36.29,41.65
36.51,42.96
36.83,42.96
37.00,42.96
37.15,42.96
37.13,40.35
36.94,44.26
36.85,44.26
36.78,45.56
